"Reference","Name","Value","Tolerance","Voltage","Power","Temperature","Material","Package","PinPitch","Qty","Описание"
"C1","Конденсатор THT металлоплёночный","1n","20%","63V","","","MKT","C-THT-RECT-L7-W2.5-H6.5","5","1",""
"C2","Конденсатор THT металлоплёночный","10n","20%","63V","","","MKT","C-THT-RECT-L7-W2.5-H6.5","5","1",""
"C3","Конденсатор THT металлоплёночный","47n","20%","63V","","","MKT","C-THT-RECT-L7-W2.5-H6.5","5","1",""
"C4","Конденсатор THT электролитический алюминиевый","100u","20%","16V","","85 °C","AL-EL","C-THT-RADIAL-D5-H11","2.5","1",""
"C5","Конденсатор THT керамический","10p","5%","50V","","","NP0","C-THT-RECT-L5-W2.5-H5","5","1",""
"C6","Конденсатор THT электролитический танталовый","1u","10%","50V","","","TA-EL","C-THT-RADIAL-D5-H11","2.5","1","Танталовый, ниобиевый"
"C7","Конденсатор THT электролитический алюминиевый","1u","20%","50V","","85 °C","AL-EL","C-THT-RADIAL-D5-H11","2.5","1",""
"C8","Конденсатор THT керамический","100n","20%","50V","","","X7R","C-THT-RECT-L5-W2.5-H5","5","1","Керамический дисковый или многослойный, диэлектрик X5R, X7R, в крайнем случае Y5V"
"C9","Конденсатор THT металлоплёночный","1n","20%","63V","","","MKT","C-THT-RECT-L7-W2.5-H6.5","5","1",""
"DA1","Микросхема uA741","uA741","","","","","","DIP8","","1","Любой аналог: КР140УД7, К140УД7, MAA741 и т.д. Можно в металлическом круглом корпусе TO-99-8"
"HL1","Светодиод THT, Ø 3 мм, красный","RED","","","","","","LED-THT-D3","","1","Любой выводной светодиод 3 мм"
"R1","Резистор THT металлоплёночный ","1M","5%","","0.125W","","","DIN0207","","1",""
"R2","Резистор THT металлоплёночный ","4k7","5%","","0.125W","","","DIN0207","","1",""
"R3","Резистор THT металлоплёночный ","10R","5%","","0.125W","","","DIN0207","","1","Допускается углеродистый"
"R4","Резистор THT металлоплёночный ","10k","5%","","0.125W","","","DIN0207","","1",""
"R5","Резистор THT металлоплёночный ","1M","5%","","0.125W","","","DIN0207","","1",""
"R6","Резистор THT металлоплёночный ","1M","5%","","0.125W","","","DIN0207","","1",""
"R7","Резистор THT металлоплёночный ","1M","5%","","0.125W","","","DIN0207","","1",""
"R8","Резистор THT металлоплёночный ","1M","5%","","0.125W","","","DIN0207","","1",""
"R9","Резистор THT металлоплёночный ","4k7","5%","","0.125W","","","DIN0207","","1",""
"R10","Резистор THT металлоплёночный ","10k","5%","","0.125W","","","DIN0207","","1",""
"RP1","Потенциометр RV16AF-10-15K","C500k","","","","","","RV16AF-10","","1","Обратнологарифмический (C)"
"RP2","Потенциометр RV16AF-10-15K","A50k","","","","","","RV16AF-10","","1","Логарифмический (A)"
"S1","Переключатель ножной 3PDT SF17010F-0302","SF17010F-0302","","","","","","SF17010F-0302","","1","Классический 3PDT под пайку провода"
"S2","Миниатюрный переключатель MTS-101","MTS-101","","","","","","MTS-101","","1","ON-OFF, SPST, установочное отверстие 5 мм, 2 контакта"
"VD1","Диод кремниевый 1N4001","1N4001","","25V","","","Si","DO-41","","1","Любой диод DO-41 средней мощности, V > 25 В"
"VD2","Диод германиевый 1N34A","1N34A","","","","","Ge","DO-35","","1","Любой германиевый маломощный диод (макс. размер DO-41): Д9, Д310 и т.д."
"VD3","Диод германиевый 1N34A","1N34A","","","","","Ge","DO-35","","1","Любой германиевый маломощный диод (макс. размер DO-41): Д9, Д310 и т.д."
"VD4","Диод германиевый 1N34A","1N34A","","","","","Ge","DO-35","","1","Любой германиевый маломощный диод (макс. размер DO-41): Д9, Д310 и т.д."
"X1","Гнездо питания KLS1-DC-005A-2.0","KLS1-DC-005A-2.0","","","","","","KLS1-DC-005A-2.0","","1","2,0х5,5 мм, пайка на плату"
"X3","Разъём для батареи типа ""Крона"" боковой","","","","","","","","","1",""
"XS1","Гнездо Jack 6,3 мм TRS NMJ6HCD2","NMJ6HCD2","","","","","","","","1",""
"XS2","Гнездо Jack 6,3 мм TRS NMJ6HCD2","NMJ6HCD2","","","","","","","","1",""
