"Reference","Name","Value","Tolerance","Voltage","Power","Temperature","Material","Package","PinPitch","Qty","Описание","MPN","Manufacturer","Chipdip_link","Diy-tubes_link","Diy-tubes_alt_link"
"C1,C9","Конденсатор THT металлоплёночный","1n","20%","63V","","","MKT","C-THT-RECT-L7-W2.5-H6.5","5","2","","B32529C0102","Epcos","https://www.chipdip.ru/product/b32529c0102j000-0.001-mkf-40vac-63vdc-shag-5mm-5-tdk-epcos-9000635053","https://diy-tubes.ru/index.php?route=product/product&path=25_32&product_id=912","https://diy-tubes.ru/index.php?route=product/product&path=25_32&product_id=560"
"C2","Конденсатор THT металлоплёночный","10n","20%","63V","","","MKT","C-THT-RECT-L7-W2.5-H6.5","5","1","","B32529C0103","Epcos","https://www.chipdip.ru/product/b32529c0103j000-tdk-8008394032","https://diy-tubes.ru/index.php?route=product/product&path=25_32&product_id=912","https://diy-tubes.ru/index.php?route=product/product&path=25_32&product_id=560"
"C3","Конденсатор THT металлоплёночный","47n","20%","63V","","","MKT","C-THT-RECT-L7-W2.5-H6.5","5","1","","B32529C0473","Epcos","https://www.chipdip.ru/product/mkt-film-capacitor-47-nf-10-63-v-dc-pet-5-mm-tdk-8026536943","https://diy-tubes.ru/index.php?route=product/product&path=25_32&product_id=912","https://diy-tubes.ru/index.php?route=product/product&path=25_32&product_id=560"
"C4","Конденсатор THT электролитический алюминиевый","100u","20%","16V","","85 °C","AL-EL","C-THT-RADIAL-D5-H11","2.5","1","","JRB1C101M02000500110","JB","https://www.chipdip.ru/product/100mkf-16v-105-c-20-5x11mm-p-2mm-jb-capacitors-9000565888","",""
"C5","Конденсатор THT керамический","10p","5%","50V","","","NP0","C-THT-RECT-L5-W2.5-H5","5","1","","JYM1H100JBN","JB","https://www.chipdip.ru/product/k10-17b-10pf-npo-5-0805-jym1h100jbn010000b-jb-capacitors-9001397195","","https://diy-tubes.ru/index.php?route=product/product&path=25_32&product_id=937"
"C6","Конденсатор THT электролитический танталовый","1u","10%","50V","","","TA-EL","C-THT-RADIAL-D5-H11","2.5","1","Танталовый, ниобиевый","TC-1/50","SR Passives","https://www.chipdip.ru/product/tc-1-50-kondensator-tantalovyy-1mkf-50v-tht-20-sr-passives-8017379192","",""
"C7","Конденсатор THT электролитический алюминиевый","1u","20%","50V","","85 °C","AL-EL","C-THT-RADIAL-D5-H11","2.5","1","","JRB1H010M02000500110","JB","https://www.chipdip.ru/product/1mkf-50v-105-c-20-5x11mm-p-2mm-jb-capacitors-9000565817","","https://diy-tubes.ru/index.php?route=product/product&path=25_32&product_id=330"
"C8","Конденсатор THT керамический","100n","20%","50V","","","X7R","C-THT-RECT-L5-W2.5-H5","5","1","Керамический дисковый или многослойный, диэлектрик X5R, X7R, в крайнем случае Y5V","JYM1H102KBX","JB","https://www.chipdip.ru/product/k10-17b-1000pf-x7r-10-0805-jym1h102kbx010000b-jb-capacitors-9001397221","","https://diy-tubes.ru/index.php?route=product/product&path=25_32&product_id=179"
"DA1","Микросхема uA741","uA741","","","","","","DIP8","","1","Любой аналог: КР140УД7, К140УД7, MAA741 и т.д. Можно в металлическом круглом корпусе TO-99-8","UA741CP","TI","https://www.chipdip.ru/product/ua741cp-universalnyy-odnokanalnyy-texas-instruments-9000375054","","https://diy-tubes.ru/index.php?route=product/product&path=25_61&product_id=698"
"HL1","Светодиод THT, Ø 3 мм, красный","RED","","","","","","LED-THT-D3","","1","Любой выводной светодиод 3 мм","GNL-3012HD","G-NOR","https://www.chipdip.ru/product/gnl-3012hd-svetodiod-krasnyy-60-d-3mm-5-10mkd-700nm-g-nor-9000422968","","https://diy-tubes.ru/index.php?route=product/product&path=25_77&product_id=398"
"R1,R5,R6,R7,R8","Резистор THT металлоплёночный ","1M","5%","","0.125W","","","DIN0207","","5","","KLS6-MF-1/4W-1MR-J","KLS","https://www.chipdip.ru/product/mfr-25ftf52-1m-0.25vt-1mom-1-rezistor-resurs-9002018565","","https://diy-tubes.ru/index.php?route=product/product&path=25_30&product_id=143"
"R2,R9","Резистор THT металлоплёночный ","4k7","5%","","0.125W","","","DIN0207","","2","","KLS6-MF-1/4W-4K7R-J","KLS","https://www.chipdip.ru/product/mf-25-s2-23-0.25vt-4.7-kom-1-rezistor-metalloplenochnyy-1849","","https://diy-tubes.ru/index.php?route=product/product&path=25_30&product_id=143"
"R3","Резистор THT металлоплёночный ","10R","5%","","0.125W","","","DIN0207","","1","Допускается углеродистый","KLS6-MF-1/4W-10R-J","KLS","https://www.chipdip.ru/product/mfr-25ftf52-10r-0.25vt-10om-1-rezistor-resurs-9002018531","",""
"R4,R10","Резистор THT металлоплёночный ","10k","5%","","0.125W","","","DIN0207","","2","","KLS6-MF-1/4W-10KR-J","KLS","https://www.chipdip.ru/product/mfr-25ftf52-10k-0.25vt-10kom-1-rezistor-resurs-9002018555","",""
"RP1","Потенциометр RV16AF-10-15K","C500k","","","","","","RV16AF-10","","1","Обратнологарифмический (C)","RV16AF-10-15K-C500k","Alpha","","https://diy-tubes.ru/index.php?route=product/product&path=25_63&product_id=414","https://diy-tubes.ru/index.php?route=product/product&path=25_63&product_id=587"
"RP2","Потенциометр RV16AF-10-15K","A50k","","","","","","RV16AF-10","","1","Логарифмический (A)","RV16AF-10-15K-A50k","Alpha","","https://diy-tubes.ru/index.php?route=product/product&path=25_63&product_id=170","https://diy-tubes.ru/index.php?route=product/product&path=25_63&product_id=587"
"S1","Переключатель ножной 3PDT SF17010F-0302","SF17010F-0302","","","","","","SF17010F-0302","","1","Классический 3PDT под пайку провода","SF17010F-0302","Alpha","","","https://diy-tubes.ru/index.php?route=product/product&path=25_60&product_id=148"
"S2","Миниатюрный переключатель MTS-101","MTS-101","","","","","","MTS-101","","1","ON-OFF, SPST, установочное отверстие 5 мм, 2 контакта","MTS-101","RUICHI","https://www.chipdip.ru/product/mts-101-on-off-mikrotumbler-spst-3a-250v-20-mom-ruichi-9000344178","https://diy-tubes.ru/index.php?route=product/product&path=25_60&product_id=255","https://diy-tubes.ru/index.php?route=product/product&path=25_60&product_id=346"
"VD1","Диод кремниевый 1N4001","1N4001","","25V","","","Si","DO-41","","1","Любой диод DO-41 средней мощности, V > 25 В","1N4001","DC Components","https://www.chipdip.ru/product/1n4001-diod-vypryamitelnyy-1a-50v-do-41-dc-components-9000820620","https://diy-tubes.ru/index.php?route=product/product&path=25_64&product_id=889",""
"VD2,VD3,VD4","Диод германиевый 1N34A (Д9)","1N34A (Д9)","","","","","Ge","DO-35","","3","Любой германиевый маломощный диод (макс. размер DO-41): Д9, Д310 и т.д.","Д9","","https://www.chipdip.ru/product/d9b-diod-vypryamitelnyy-maloy-moschnosti-germanievyy-48370","https://diy-tubes.ru/index.php?route=product/product&path=25_64&product_id=617",""
"X2","Гнездо питания KLS1-DC-022B-2.0","KLS1-DC-022B-2.0","","","","","","KLS1-DC-022B-2.0","","1","2,0х5,5 мм, на панель, крепёжное отверстие Ø 11 мм, гайка снизу, под пайку провода","KLS1-DC-022B-2.0","KLS","","https://diy-tubes.ru/index.php?route=product/product&path=25_81&product_id=420",""
"X3","Разъём для батареи типа ""Крона"" боковой","","","","","","","","","1","","","","","https://diy-tubes.ru/index.php?route=product/product&path=25_81&product_id=295",""
"XS1,XS2","Гнездо Jack 6,3 мм TRS NMJ6HCD2","NMJ6HCD2","","","","","","","","2","","NMJ6HCD2","Neutrik","","https://diy-tubes.ru/index.php?route=product/product&path=25_65&product_id=168","https://diy-tubes.ru/index.php?route=product/product&path=25_65&product_id=228"
